{
    "camera_offset": [
        74,
        16
    ],
    "camera_size": [
        960,
        627
    ],
    "framerate": 100,
    "exposure_time": 1504,
    "gain": 2,
    "camera_offset_fallback": [
        8,
        8
    ],
    "camera_size_fallback": [
        1920,
        1200
    ],
    "camera_matrix": [
        [
            800.969571647126,
            0.0,
            506.3998622804026
        ],
        [
            0.0,
            800.0279377432437,
            324.97606862027817
        ],
        [
            0.0,
            0.0,
            1.0
        ]
    ],
    "distortion_coefficients": [
        [
            -0.3461936617811013,
            0.1788679423359619,
            -0.0017193532032099162,
            -0.00018739136771199713,
            -0.061875997139257545
        ]
    ],
    "rotation_vectors": [
        [
            [
                0.0008040561585371362
            ],
            [
                -0.07119673027053196
            ],
            [
                0.15085512558292488
            ]
        ],
        [
            [
                0.12837862059676297
            ],
            [
                -0.09315381009833018
            ],
            [
                -1.5610114923427554
            ]
        ],
        [
            [
                0.08470713765552658
            ],
            [
                0.030082416893944877
            ],
            [
                -0.030648008499498967
            ]
        ],
        [
            [
                -0.7051338752679386
            ],
            [
                0.22004195961369247
            ],
            [
                -0.866272500533892
            ]
        ],
        [
            [
                -0.03393090439961932
            ],
            [
                0.40114988798536494
            ],
            [
                -0.0380951737469587
            ]
        ],
        [
            [
                -0.15110484878627636
            ],
            [
                0.19367673095238028
            ],
            [
                -0.018066220946987156
            ]
        ]
    ],
    "translation_vectors": [
        [
            [
                -2.7780418345225835
            ],
            [
                -2.3283631414553447
            ],
            [
                22.746537609310504
            ]
        ],
        [
            [
                -17.947725623946326
            ],
            [
                8.781575091806328
            ],
            [
                23.320619947195617
            ]
        ],
        [
            [
                6.887662422122567
            ],
            [
                -9.157592999454476
            ],
            [
                22.911347019386895
            ]
        ],
        [
            [
                0.3218085370225054
            ],
            [
                3.8967496299076525
            ],
            [
                20.33118326580302
            ]
        ],
        [
            [
                -8.942355396383057
            ],
            [
                -1.549605905267451
            ],
            [
                21.368336475580172
            ]
        ],
        [
            [
                -0.9803587960942051
            ],
            [
                -4.708274037313456
            ],
            [
                16.670833940667443
            ]
        ]
    ],
    "camera_new_matrix": [
        [
            551.6055335700465,
            0.0,
            523.5114000455347
        ],
        [
            0.0,
            540.7705435561617,
            319.2136850903306
        ],
        [
            0.0,
            0.0,
            1.0
        ]
    ],
    "roi_offset": [
        170,
        65
    ],
    "roi_size": [
        910,
        519
    ],
    "ball_blur_size": 5,
    "ball_hsv_lower": [
        0,
        109,
        191
    ],
    "ball_hsv_upper": [
        15,
        249,
        255
    ],
    "ball_morph_size": 15,
    "ball_radius": 11,
    "ball_box": 36,
    "player_blur_size": 5,
    "player_hsv_lower": [
        92,
        102,
        39
    ],
    "player_hsv_upper": [
        126,
        255,
        251
    ],
    "player_morph_size": 5
}