{
    "camera_offset": [
        484,
        274
    ],
    "camera_size": [
        980,
        648
    ],
    "framerate": 100,
    "exposure_time": 2000,
    "gain": 2.1,
    "camera_offset_fallback": [
        8,
        8
    ],
    "camera_size_fallback": [
        1920,
        1200
    ],
    "camera_matrix": [
        [
            729.9107891172915,
            0.0,
            500.1246456090308
        ],
        [
            0.0,
            730.7236733922155,
            321.524394194285
        ],
        [
            0.0,
            0.0,
            1.0
        ]
    ],
    "distortion_coefficients": [
        [
            -0.34040688633436667,
            0.17080583357862733,
            0.0005149210241820613,
            -0.0024033137065713034,
            -0.06038574304680647
        ]
    ],
    "rotation_vectors": [
        [
            [
                0.37324360035803117
            ],
            [
                -0.39706487514471345
            ],
            [
                1.5192618454847195
            ]
        ],
        [
            [
                0.013989323104684937
            ],
            [
                -0.00655205271850827
            ],
            [
                -1.4948801816875967
            ]
        ],
        [
            [
                -0.03373480103628889
            ],
            [
                0.8917641397206071
            ],
            [
                -0.29154296580615807
            ]
        ],
        [
            [
                -0.01698883791834369
            ],
            [
                0.10107500607869192
            ],
            [
                -0.29455988310885095
            ]
        ],
        [
            [
                0.13077224461117667
            ],
            [
                0.17751653982842575
            ],
            [
                1.5535750850178176
            ]
        ],
        [
            [
                -0.022994546432942894
            ],
            [
                -0.016183372656695214
            ],
            [
                -0.014973980870917312
            ]
        ]
    ],
    "translation_vectors": [
        [
            [
                0.6506197953309079
            ],
            [
                -7.30188288262443
            ],
            [
                19.038713656449907
            ]
        ],
        [
            [
                -15.11334506003947
            ],
            [
                1.64141493776094
            ],
            [
                23.69610559053684
            ]
        ],
        [
            [
                4.542276970633905
            ],
            [
                -3.9064925066188096
            ],
            [
                24.262396251238602
            ]
        ],
        [
            [
                -5.003798556379501
            ],
            [
                -5.53364805211183
            ],
            [
                23.747403384581187
            ]
        ],
        [
            [
                15.066593840154104
            ],
            [
                0.07678065442771237
            ],
            [
                23.36331507990632
            ]
        ],
        [
            [
                -17.422821025176717
            ],
            [
                -8.62862624328415
            ],
            [
                23.70278805271592
            ]
        ]
    ],
    "camera_new_matrix": [
        [
            547.833585571784,
            0.0,
            505.02554075236816
        ],
        [
            0.0,
            540.8991040135294,
            321.9458424543201
        ],
        [
            0.0,
            0.0,
            1.0
        ]
    ],
    "roi_offset": [
        56,
        66
    ],
    "roi_size": [
        859,
        514
    ],
    "ball_blur_size": 5,
    "ball_hsv_lower": [
        0,
        109,
        93
    ],
    "ball_hsv_upper": [
        15,
        249,
        255
    ],
    "ball_morph_size": 15,
    "ball_radius": 11,
    "ball_box": 36,
    "player_blur_size": 5,
    "player_hsv_lower": [
        92,
        157,
        39
    ],
    "player_hsv_upper": [
        126,
        255,
        251
    ],
    "player_morph_size": 7
}